-- phpMyAdmin SQL Dump
-- version 5.2.1
-- https://www.phpmyadmin.net/
--
-- Servidor: 127.0.0.1
-- Tiempo de generación: 28-08-2025 a las 23:14:45
-- Versión del servidor: 10.4.32-MariaDB
-- Versión de PHP: 8.2.12

SET SQL_MODE = "NO_AUTO_VALUE_ON_ZERO";
START TRANSACTION;
SET time_zone = "+00:00";


/*!40101 SET @OLD_CHARACTER_SET_CLIENT=@@CHARACTER_SET_CLIENT */;
/*!40101 SET @OLD_CHARACTER_SET_RESULTS=@@CHARACTER_SET_RESULTS */;
/*!40101 SET @OLD_COLLATION_CONNECTION=@@COLLATION_CONNECTION */;
/*!40101 SET NAMES utf8mb4 */;

--
-- Base de datos: `sanitaria_brisas`
--

-- --------------------------------------------------------

--
-- Estructura de tabla para la tabla `pedido`
--

CREATE TABLE `pedido` (
  `id_pedido` int(11) NOT NULL,
  `id_usuario` int(11) DEFAULT NULL,
  `fecha` date NOT NULL,
  `estado` varchar(50) DEFAULT NULL,
  `direccion_envio` varchar(255) DEFAULT NULL,
  `precio_total` decimal(10,2) DEFAULT NULL
) ENGINE=InnoDB DEFAULT CHARSET=utf8mb4 COLLATE=utf8mb4_general_ci;

--
-- Volcado de datos para la tabla `pedido`
--

INSERT INTO `pedido` (`id_pedido`, `id_usuario`, `fecha`, `estado`, `direccion_envio`, `precio_total`) VALUES
(1, 1, '2025-08-25', 'Pendiente', 'Calle Falsa 123, Montevideo', 3700.00),
(2, 2, '2025-08-26', 'Enviado', 'Av. Italia 456, Montevideo', 4800.00),
(3, 1, '2025-08-27', 'Entregado', 'Cno. Maldonado 789, Montevideo', 3100.00);

-- --------------------------------------------------------

--
-- Estructura de tabla para la tabla `pedido_producto`
--

CREATE TABLE `pedido_producto` (
  `id_pedido` int(11) NOT NULL,
  `id_producto` int(11) NOT NULL,
  `cant_unidades` int(11) NOT NULL
) ENGINE=InnoDB DEFAULT CHARSET=utf8mb4 COLLATE=utf8mb4_general_ci;

--
-- Volcado de datos para la tabla `pedido_producto`
--

INSERT INTO `pedido_producto` (`id_pedido`, `id_producto`, `cant_unidades`) VALUES
(1, 1, 1),
(1, 5, 2),
(2, 2, 1),
(3, 3, 1),
(3, 5, 1);

-- --------------------------------------------------------

--
-- Estructura de tabla para la tabla `producto`
--

CREATE TABLE `producto` (
  `id_producto` int(11) NOT NULL,
  `nombre` varchar(100) NOT NULL,
  `categoria` varchar(100) DEFAULT NULL,
  `precio` decimal(10,2) NOT NULL,
  `stock` int(11) NOT NULL
) ENGINE=InnoDB DEFAULT CHARSET=utf8mb4 COLLATE=utf8mb4_general_ci;

--
-- Volcado de datos para la tabla `producto`
--

INSERT INTO `producto` (`id_producto`, `nombre`, `categoria`, `precio`, `stock`) VALUES
(1, 'Grifo de cocina', 'Grifería', 1500.00, 20),
(2, 'Inodoro clásico', 'Sanitarios', 4800.00, 10),
(3, 'Ducha eléctrica', 'Calefacción', 2200.00, 15),
(4, 'Pileta de baño', 'Sanitarios', 3500.00, 12),
(5, 'Manguera 10m', 'Accesorios', 900.00, 30);

-- --------------------------------------------------------

--
-- Estructura de tabla para la tabla `usuario`
--

CREATE TABLE `usuario` (
  `id_usuario` int(11) NOT NULL,
  `nombre` varchar(100) NOT NULL,
  `email` varchar(100) NOT NULL,
  `telefono` varchar(20) DEFAULT NULL,
  `contraseña` varchar(255) NOT NULL
) ENGINE=InnoDB DEFAULT CHARSET=utf8mb4 COLLATE=utf8mb4_general_ci;

--
-- Volcado de datos para la tabla `usuario`
--

INSERT INTO `usuario` (`id_usuario`, `nombre`, `email`, `telefono`, `contraseña`) VALUES
(1, 'Juan Pérez', 'juanperez@gmail.com', '091234567', 'hashed123'),
(2, 'María López', 'marialopez@gmail.com', '092345678', 'hashed456'),
(3, 'Carlos Silva', 'csilva@gmail.com', '093456789', 'hashed789');

--
-- Índices para tablas volcadas
--

--
-- Indices de la tabla `pedido`
--
ALTER TABLE `pedido`
  ADD PRIMARY KEY (`id_pedido`),
  ADD KEY `id_usuario` (`id_usuario`);

--
-- Indices de la tabla `pedido_producto`
--
ALTER TABLE `pedido_producto`
  ADD PRIMARY KEY (`id_pedido`,`id_producto`),
  ADD KEY `id_producto` (`id_producto`);

--
-- Indices de la tabla `producto`
--
ALTER TABLE `producto`
  ADD PRIMARY KEY (`id_producto`);

--
-- Indices de la tabla `usuario`
--
ALTER TABLE `usuario`
  ADD PRIMARY KEY (`id_usuario`),
  ADD UNIQUE KEY `email` (`email`);

--
-- AUTO_INCREMENT de las tablas volcadas
--

--
-- AUTO_INCREMENT de la tabla `pedido`
--
ALTER TABLE `pedido`
  MODIFY `id_pedido` int(11) NOT NULL AUTO_INCREMENT, AUTO_INCREMENT=4;

--
-- AUTO_INCREMENT de la tabla `producto`
--
ALTER TABLE `producto`
  MODIFY `id_producto` int(11) NOT NULL AUTO_INCREMENT, AUTO_INCREMENT=6;

--
-- AUTO_INCREMENT de la tabla `usuario`
--
ALTER TABLE `usuario`
  MODIFY `id_usuario` int(11) NOT NULL AUTO_INCREMENT, AUTO_INCREMENT=4;

--
-- Restricciones para tablas volcadas
--

--
-- Filtros para la tabla `pedido`
--
ALTER TABLE `pedido`
  ADD CONSTRAINT `pedido_ibfk_1` FOREIGN KEY (`id_usuario`) REFERENCES `usuario` (`id_usuario`);

--
-- Filtros para la tabla `pedido_producto`
--
ALTER TABLE `pedido_producto`
  ADD CONSTRAINT `pedido_producto_ibfk_1` FOREIGN KEY (`id_pedido`) REFERENCES `pedido` (`id_pedido`),
  ADD CONSTRAINT `pedido_producto_ibfk_2` FOREIGN KEY (`id_producto`) REFERENCES `producto` (`id_producto`);
COMMIT;

/*!40101 SET CHARACTER_SET_CLIENT=@OLD_CHARACTER_SET_CLIENT */;
/*!40101 SET CHARACTER_SET_RESULTS=@OLD_CHARACTER_SET_RESULTS */;
/*!40101 SET COLLATION_CONNECTION=@OLD_COLLATION_CONNECTION */;
